BEGIN;


INSERT  INTO aluno_curso
        (aluno_id,  curso_id, inicio )
VALUES  (1,         1,     '2015-01-01'    ),
        (2,         1,     '2015-01-01'    ),
        (3,         1,     '2015-01-01'    ),
        (4,         1,     '2015-01-01'    ),
        (5,         1,     '2015-01-01'    ),
        (6,         1,     '2015-01-01'    ),
        (7,         1,     '2015-01-01'    ),
        (8,         1,     '2015-01-01'    ),
        (9,         1,     '2015-01-01'    ),
        (10,        1,     '2015-01-01'    ),
        (1,        11,     '2015-01-01'    );


INSERT  INTO administrador_curso
        (administrador_id, curso_id, inicio, termino)
VALUES  (1,  1,    '2012-01-01',   '2022-12-13'    ),
        (2,  2,    '2012-01-01',   '2022-12-13'    ),
        (3,  3,    '2012-01-01',   '2022-12-13'    ),
        (4,  4,    '2012-01-01',   '2022-12-13'    ),
        (5,  5,    '2012-01-01',   '2022-12-13'    ),
        (11, 7,    '2012-01-01',   '2022-12-13'    ),
        (6,  1,    '2012-01-01',   '2022-12-13'    ),
        (7,  2,    '2012-01-01',   '2022-12-13'    ),
        (8,  1,    '2012-01-01',   '2022-12-13'    ),
        (9,  9,    '2012-01-01',   '2022-12-13'    ),
        (10, 10,   '2012-01-01',   '2022-12-13'    );

INSERT  INTO ministra
        (professor_id, disciplina_id, semestre, ano )
VALUES  (1,  1,    1,          2015    ),
        (2,  2,    2,          2015    ),
        (4,  3,    1,          2016    ),
        (5,  4,    2,          2016    ),
        (5,  5,    1,          2017    ),
        (10, 6,    2,          2017    ),
        (9,  7,    1,          2018    ),
        (9,  8,    2,          2018    ),
        (3,  9,    1,          2019    ),
        (8,  10,   1,          2019    ),
        (8,  11,   1,         2017    ),
        (8,  12,   2,         2017    ),
        (8,  13,   1,         2018    ),
        (8,  14,   2,         2018    );

INSERT  INTO planejamento
        (aluno_id, disciplina_id, semestre, ano )
VALUES  (1,  10,   2,          2019    ),
        (1,  8,    2,          2019    ),
        (2,  10,   2,          2019    ),
        (2,  8,    2,          2019    ),
        (3,  9,    2,          2019    ),
        (3,  10,   2,          2019    ),
        (4,  5,    2,          2019    ),
        (4,  10,   2,          2019    ),
        (5,  9,    2,          2019    ),
        (5,  8,    2,          2019    );


INSERT  INTO oferecimento
        (ministra_id    )
VALUES  ( 1             ),
        ( 2             ),
        ( 3             ),
        ( 4             ),
        ( 5             ),
        ( 6             ),
        ( 7             ),
        ( 8             ),
        ( 9             ),
        (10             ),
        (11             ),
        (12             ),
        (13             ),
        (14             );


INSERT  INTO matricula
        (aluno_id, oferecimento_id, estado, nota, frequencia )
VALUES  (1,  1,                  'C',    10.0,   75.0        ),
        (2,  1,                  'C',    8.1,    75.0        ),
        (3,  1,                  'C',    8.1,    75.0        ),
        (4,  1,                  'C',    8.1,    75.0        ),
        (5,  1,                  'C',    8.1,    75.0        ),
        (6,  1,                  'C',    8.1,    75.0        ),
        (7,  1,                  'C',    8.1,    75.0        ),
        (8,  1,                  'C',    8.1,    75.0        ),
        (9,  1,                  'C',    8.1,    75.0        ),
        (10, 1,                  'C',    8.1,    75.0        ),
        (1,  4,                  'C',    10.0,   75.0        ),
        (2,  4,                  'C',    8.1,    75.0        ),
        (3,  4,                  'C',    8.1,    75.0        ),
        (4,  4,                  'C',    8.1,    75.0        ),
        (5,  4,                  'C',    8.1,    75.0        ),
        (6,  4,                  'C',    8.1,    75.0        ),
        (7,  4,                  'C',    8.1,    75.0        ),
        (8,  4,                  'C',    8.1,    75.0        ),
        (9,  4,                  'C',    8.1,    75.0        ),
        (10, 4,                  'C',    8.1,    75.0        ),
        (1, 11,                  'C',    8.1,    75.0        ),
        (1, 12,                  'C',    8.1,    75.0        ),
        (1, 13,                  'C',    8.1,    75.0        ),
        (1, 14,                  'C',    8.1,    75.0        );


COMMIT;
